Item,ImageURL
Innovation,https://cf.geekdo-images.com/l4fVXtRnhKMf5UPn78rEdg__original/img/spomh0P7HHKNTFNLVwVX7xJPf3M=/0x0/filters:format(png)/pic8792317.png
7 Wonders,https://cf.geekdo-images.com/35h9Za_JvMMMtx_92kT0Jg__original/img/jt70jJDZ1y1FWJs4ZQf5FI8APVY=/0x0/filters:format(jpeg)/pic7149798.jpg
Challengers!,https://cf.geekdo-images.com/GtLESZ4ZjqikK12bjBTmig__original/img/CHUtcmSXFs8LYKRHyUaeio2ra4U=/0x0/filters:format(jpeg)/pic7040521.jpg
Faraway,https://cf.geekdo-images.com/dqDwx05r7Hgc66Hda2JKvA__original/img/v8E1dpB3wnUh1xHkktC_-LuWB0g=/0x0/filters:format(png)/pic2532802.png
Château Combo,https://cf.geekdo-images.com/rGomBfj0FGrZM-w3h5HFWQ__original/img/XtVFdYXLAxdGOjQOGCkrms-hLUU=/0x0/filters:format(png)/pic8250341.png
Similo,https://cf.geekdo-images.com/fl0hNCmltu2hpcmXaVnmLg__original/img/1kS0DQYV4y8HQdAmSlNhOW01Lhg=/0x0/filters:format(png)/pic6417388.png
Draftosaurus,https://cf.geekdo-images.com/JahbLRZ_jEe8P8gisXUtJw__original/img/Ug7yXzMmgpaqcv7B_lNTXsAk7_g=/0x0/filters:format(jpeg)/pic4447676.jpg
The Vale of Eternity,https://cf.geekdo-images.com/yWwckUmFXuGXxp41-vFaVQ__original/img/FHotXyNFHc3pC2fcu5i8HjrVis4=/0x0/filters:format(png)/pic7461472.png
Sushi Go!,https://cf.geekdo-images.com/Fn3PSPZVxa3YurlorITQ1Q__original/img/5vRsn2TT9eJmq27i9HtLWKpB_xs=/0x0/filters:format(jpeg)/pic1900075.jpg
Can't Stop,https://cf.geekdo-images.com/nMitZr9Lu4Ux7LLqBy7Z8A__original/img/A_bSjGJJXDFfSocVclabxi8ArY8=/0x0/filters:format(png)/pic6875169.png
Love Letter,https://cf.geekdo-images.com/T1ltXwapFUtghS9A7_tf4g__original/img/xIAzJY7rl-mtPStRZSqnTVsAr8Y=/0x0/filters:format(jpeg)/pic1401448.jpg
Les Aventuriers du Rail,https://cf.geekdo-images.com/kdWYkW-7AqG63HhqPL6ekA__original/img/rWF8r4JXXCQQ7QhiWHhmT-rQ3Pc=/0x0/filters:format(jpeg)/pic8937637.jpg
7 Wonders Duel,https://cf.geekdo-images.com/zdagMskTF7wJBPjX74XsRw__original/img/Ju836WNSaW7Mab9Vjq2TJ_FqhWQ=/0x0/filters:format(jpeg)/pic2576399.jpg
Lucky Numbers,https://cf.geekdo-images.com/254SXVeOngtdjf8SBFEUNg__original/img/nMXQaLidez7ePmk3tZYz_7-f2EI=/0x0/filters:format(jpeg)/pic5646606.jpg
6 qui prend !,https://cf.geekdo-images.com/DFeZsC973xdZ1CKUzmjAUw__original/img/Tq8bVKV-ihLPfFPpf8FjfTpXiZk=/0x0/filters:format(jpeg)/pic4496538.jpg
Diamant,https://cf.geekdo-images.com/ypMas2bZPAfSaOVyTpliYg__original/img/SvJTw4sjwXNjL_KvL_aRwcWm--Q=/0x0/filters:format(jpeg)/pic5436441.jpg
Harmonies,https://cf.geekdo-images.com/A_XP2_VN3ugyqPhezowB_w__original/img/_Rv8lSr3fC1oDRkrQleQW2H2yCs=/0x0/filters:format(png)/pic8026369.png
Martian Dice,https://cf.geekdo-images.com/y3lAFsCTULz0iIbYVR0yZQ__original/img/PvbdirZXTybI0mwwIBulQx5MsUo=/0x0/filters:format(png)/pic8716684.png
Kingdomino,https://cf.geekdo-images.com/c0m3gwZTcfKoLI63ASio8g__original/img/HT6NQPT0cSFcZXjSewtjTO_NBAE=/0x0/filters:format(png)/pic8443569.png
Just One,https://cf.geekdo-images.com/74haNunMBn85beBi-yIKwA__original/img/hA22qL6nZxchA8FMTIfhLMcI53I=/0x0/filters:format(png)/pic8669313.png
BANG!,https://cf.geekdo-images.com/_04xA-d-rfygm0c49HE4vA__original/img/el-4Ilu9DeYunRT3r4TVP8Vy3uk=/0x0/filters:format(jpeg)/pic1170986.jpg
Yahtzee,https://cf.geekdo-images.com/dp-pJkUemCjhrwi9QItrPA__original/img/eeYPdva8ti4Hi2PYxkTLRPrtfKk=/0x0/filters:format(jpeg)/pic378237.jpg
Downforce,https://cf.geekdo-images.com/c74C-NVJHuMVxt6A_j2TsA__original/img/FHgW4u5dIooEJnNjm2RXcO_yJWs=/0x0/filters:format(png)/pic3432548.png
Mille Sabords !,https://cf.geekdo-images.com/ASvNr8Z7n4uuXiIeKTCpjA__original/img/wFq8_y9ycpinYVvBxwxraxix91c=/0x0/filters:format(jpeg)/pic5755894.jpg
Non merci !,https://cf.geekdo-images.com/JSAs8aMopjf8P9JXwTMV7w__original/img/pm0ioQ1vNabJExMgcXwB2oMIalY=/0x0/filters:format(png)/pic9005058.png
For Sale,https://cf.geekdo-images.com/dJh9HkZC346NgPTAicJq_A__original/img/6ib2NLakSlsf69WYwCOe9NNLcsc=/0x0/filters:format(jpeg)/pic1513085.jpg
Hanabi,https://cf.geekdo-images.com/JDVksMwfcqoem1k_xtZrOA__original/img/5vNHZiTEhK4aRDuGXv5KImp9cmQ=/0x0/filters:format(jpeg)/pic2007286.jpg
Concept,https://cf.geekdo-images.com/hHFs0_KRoW_FJ0cMIVgZcw__original/img/vbR7Wrdlq4fPcwUE1Ck9CowlJHY=/0x0/filters:format(jpeg)/pic4991925.jpg
Decrypto,https://cf.geekdo-images.com/WVGtlwI8Sp0HH4OGozuenA__original/img/29n6zCOJjJMBTRyg3KxDjPJ4y-s=/0x0/filters:format(jpeg)/pic802013.jpg
Saboteur,https://cf.geekdo-images.com/0vJwP6NGa7GHPZKC3gplUw__original/img/TJDCd-PYySXmhQn-LC-y88JPA7U=/0x0/filters:format(jpeg)/pic3989824.jpg
Not Alone,https://cf.geekdo-images.com/2nPAI9x1rOjj2fq30qRFvQ__original/img/Sc9SmhfC5cLiDdXeY9HOQphCKcQ=/0x0/filters:format(jpeg)/pic3118416.jpg
Guildes,https://cf.geekdo-images.com/YrxAOLRozFIqjfKRJXsJkg__original/img/EpicpnBn8NIGVzoPeaYkYMI6jcY=/0x0/filters:format(jpeg)/pic986510.jpg
Battle Sheep,https://cf.geekdo-images.com/CyRdRpZaIsCb4B8zfotI4Q__original/img/5FfCNbuFMYfXNoUKKAZkJugz-dE=/0x0/filters:format(jpeg)/pic1887253.jpg
Break the Code,https://cf.geekdo-images.com/OnzOo8WGQVEGLIk-GFIzdg__original/img/kSXKBiOh6nFix2jFuR7VuYFzWBU=/0x0/filters:format(jpeg)/pic4920145.jpg
The Boss,https://cf.geekdo-images.com/yq8_IeVY2vxH8q7HFLDblA__original/img/hXWenZBpoI1eL7xbVlnvmNAUZQU=/0x0/filters:format(jpeg)/pic1091844.jpg
Colt Express,https://cf.geekdo-images.com/2HKX0QANk_DY7CIVK5O5fQ__original/img/okv8rhQupsrXsEJsovQ_BJV5hKA=/0x0/filters:format(jpeg)/pic2869710.jpg
The Crew,https://cf.geekdo-images.com/98LnQShydr11OBKS46xY-Q__original/img/Q-ZkgnuBu9OTBr7J3qnqPjqamAE=/0x0/filters:format(jpeg)/pic5687013.jpg
Sushi Go Party!,https://cf.geekdo-images.com/2f9uTicUSXkdPp2Yks6zFw__original/img/WQcFmlhYBMIp8f6gNNVhnnue1w4=/0x0/filters:format(jpeg)/pic5885689.jpg
Marrakech,https://cf.geekdo-images.com/JFE29MODWOFXreEmM-xhyQ__original/img/o3eyWAqWhMfOIP-iTB4namBJeFk=/0x0/filters:format(jpeg)/pic8594649.jpg
Perudo,https://cf.geekdo-images.com/wX4cTWNjTG7XiGHGgSpiiw__original/img/86bXDwl4gmMb_GehNQ-9y6O9G0E=/0x0/filters:format(png)/pic8630033.png
Tokaido,https://cf.geekdo-images.com/7kLkx3k3ovL8fP-2krPqwA__original/img/NWuaZkfygEeQ7nvi0Ih7_FW9jO0=/0x0/filters:format(jpeg)/pic8758132.jpg
La Fin des Artichauts,https://cf.geekdo-images.com/qwFz_zhMjIxRjgAIx__8WQ__original/img/pxX6W95d3V38ZuynABAtorApTc8=/0x0/filters:format(png)/pic5335069.png
Word Traveler,https://cf.geekdo-images.com/u0sAiX5QRUlJxwBQKXmrFw__original/img/xRf8rHy6Y1_XC8AejcAYmsWt_gw=/0x0/filters:format(jpeg)/pic7960650.jpg
Next Station: London,https://cf.geekdo-images.com/T-eq9Ux4gkmqfEXry8HC1w__original/img/FgPzhjwC0X0-6ZNLhowN8iccREA=/0x0/filters:format(jpeg)/pic9018430.jpg
Koryŏ,https://cf.geekdo-images.com/DIfCxl-1C1XOZj4bWnskaA__original/img/BsxhhS60jmrcLEE9pVxS8oXNBYE=/0x0/filters:format(jpeg)/pic4593312.jpg
Room 25,https://cf.geekdo-images.com/urP8ZiJeGJ_WFJ5ovqA5kg__original/img/NANOcJLn4zmuhsk91TqBvQD9RTQ=/0x0/filters:format(jpeg)/pic3046708.jpg
Libertalia,https://cf.geekdo-images.com/LeUx57CGYdnIEsnGebOB0A__original/img/ZMdpuswDvVy-I97-ws45isBIRO4=/0x0/filters:format(jpeg)/pic1326136.jpg
Wingspan,https://cf.geekdo-images.com/yLZJCVLlIx4c7eJEWUNJ7w__original/img/cI782Zis9cT66j2MjSHKJGnFPNw=/0x0/filters:format(jpeg)/pic4458123.jpg
Turing Machine,https://cf.geekdo-images.com/un5yundwtC6q1U9gWTY8Yw__original/img/wFqPVYmL1i9rc426afzYana7ZnE=/0x0/filters:format(png)/pic6883492.png
Oriflamme,https://cf.geekdo-images.com/8MpTeqlzyIupMpSSxP3PAw__original/img/XoqLo4dQlXvFHZBAcKbZheA8NHA=/0x0/filters:format(jpeg)/pic4949335.jpg
Le Roy des Ribauds,https://cf.geekdo-images.com/9W60nbS0m39Sf22ubfHAfw__original/img/Qlo70uOTNsdedUqBnYvLE1A1_OM=/0x0/filters:format(png)/pic7697515.png
Captain Flip,https://cf.geekdo-images.com/7vSkMR7exNsU7ZfRgJKodQ__original/img/CEF2zr_yUhqZrc0NP6NnBoXGGPc=/0x0/filters:format(png)/pic7784394.png
Inside Job,https://cf.geekdo-images.com/Kimz03Spg3dB96_O-xbcPg__original/img/306hB7Q2HkcGe1DTiqKOnVNU03Q=/0x0/filters:format(png)/pic7233520.png
Mapmaker: The Gerrymandering Game,https://cf.geekdo-images.com/JQGTR0FakZt_ZRXgqrhP7g__original/img/rH-j2Ekw0zKjM7stXWgp8HmTD9k=/0x0/filters:format(jpeg)/pic4127007.jpg
Complots,https://cf.geekdo-images.com/xxeCjCjznn8wh5p8CSx5jA__original/img/KvNqL9Cc3IkVb81x2i6pvcTJm_c=/0x0/filters:format(jpeg)/pic1896477.jpg
Dead Cells,https://cf.geekdo-images.com/N_5Dz0GeI5dGBzSrBMEqrg__original/img/ppMMkd1w8h-m7OfsRRL3VXQ9lKI=/0x0/filters:format(jpeg)/pic7336034.jpg
Quoridor,https://cf.geekdo-images.com/I1YNAhee09mryaqfEo8MwA__original/img/LUcYakoNVnYxjmpYRFA6HUpHWo4=/0x0/filters:format(jpeg)/pic3488232.jpg
Coloretto,https://cf.geekdo-images.com/pd3qaiROSgTJ5js_0e4Nhw__original/img/W1cSDjB5Bi9bGhl3VRxQSP_Vw54=/0x0/filters:format(png)/pic6653783.png
Off the Rails,https://cf.geekdo-images.com/ELtb1dY7laxIIX_CuPElMg__original/img/hlfqGFVdrtmnS9UR6KKd9vdDluA=/0x0/filters:format(jpeg)/pic3427538.jpg
Splendor,https://cf.geekdo-images.com/vNFe4JkhKAERzi4T0Ntwpw__original/img/rqcUdtu_N4v-SpI96XVmpYHnJww=/0x0/filters:format(png)/pic8234167.png
Dobble,https://cf.geekdo-images.com/hqDT4HbEb2eNCyMOeiGj-g__original/img/6w3wjI3YZOWa8XLxoKQqg3XnbN0=/0x0/filters:format(png)/pic6477003.png
Azul,https://cf.geekdo-images.com/aPSHJO0d0XOpQR5X-wJonw__original/img/AkbtYVc6xXJF3c9EUrakklcclKw=/0x0/filters:format(png)/pic6973671.png
Good Cop Bad Cop,https://cf.geekdo-images.com/4EVpaxECrqdKYVtBJnFLeA__original/img/FxbhktE-icFY-fQTbE14-GCa318=/0x0/filters:format(png)/pic3008714.png
Robots Ate Our Pizza,https://cf.geekdo-images.com/T9ANdUQHLnyp8f-l8p37ng__original/img/p0R_tj2sKy1WgSzLFJGvRSXwVFk=/0x0/filters:format(png)/pic6003615.png
Celestia,https://cf.geekdo-images.com/npqKJbeLXejp0j2ECQ5huA__original/img/ByvvIEc59gBXjw9L__vPf0svEws=/0x0/filters:format(png)/pic1475228.png
Paquet de Chips,https://cf.geekdo-images.com/ytrc-5WfwVmAxh9W_FLUWg__original/img/BkxBma2BpaN2Xr1JLUKY7qnEg_A=/0x0/filters:format(png)/pic6855556.png
Metro,https://cf.geekdo-images.com/kQDUq7v6SaBSXLRSTd4eww__original/img/pFxwwuIj2zAZtFcOb29zHXjDw-Y=/0x0/filters:format(jpeg)/pic3389098.jpg
Skull King,https://cf.geekdo-images.com/1qvA21HdRaPYwrn4tGDNaQ__original/img/Vn6PK_Ue5TX14oQ5uau4XICHEJU=/0x0/filters:format(jpeg)/pic8689185.jpg
challengersbeachcup,
Jaipur,https://cf.geekdo-images.com/_LTujSe_o16nvjDC-J0seA__original/img/zUnAdsgt4dCxvtoRDc_9DHbic0M=/0x0/filters:format(jpeg)/pic5100947.jpg
Niagara,https://cf.geekdo-images.com/IgYBUVpyseRNS8Pf9Ie6_A__original/img/AV_zpzbyAaOYQSb8kUTzk8-0GH0=/0x0/filters:format(jpeg)/pic7572713.jpg
Apocalypse au Zoo de Carson City,https://cf.geekdo-images.com/aKjqp45y8IEDpnuk9pg-YQ__original/img/3fn1tfK2vUP-yLbCS40M0TIC6wQ=/0x0/filters:format(jpeg)/pic3771570.jpg
Tobago,https://cf.geekdo-images.com/fuC2C10_6QK84R45Mseojw__original/img/H3S1YSPe4O54yLV3W4G_zSTIiwU=/0x0/filters:format(jpeg)/pic596625.jpg
Éruption,https://cf.geekdo-images.com/9_humKFV12e0yyU1bekqgg__original/img/pxXS4DGd93Nd-WBtEKiIUzUsc88=/0x0/filters:format(jpeg)/pic4803893.jpg
Santorini,https://cf.geekdo-images.com/ZjP5gU9SCluEARbZnYtb_A__original/img/Cl2CG4dQjab2Xb05qbeTPzFb2o8=/0x0/filters:format(jpeg)/pic42278.jpg
Luxor,https://cf.geekdo-images.com/PbDFaQebBo7Ygb2yVZtetw__original/img/CvRHdoCTw03-RNJ6haBdF-_fPvQ=/0x0/filters:format(jpeg)/pic172278.jpg
Solo,https://cf.geekdo-images.com/mq1UZ1iBnv3xy9Cq8x_9Yw__original/img/fTfJKnKsNmlXUASePJuNrfigiok=/0x0/filters:format(jpeg)/pic88271.jpg
escapethecurseofthetemple,
Skull,https://cf.geekdo-images.com/4FvrOFxgPqlGmO56WS08dg__original/img/N06naKr53l1AUlfVl6DORa8TEyo=/0x0/filters:format(jpeg)/pic744864.jpg
Living Forest,https://cf.geekdo-images.com/fPhdfZX9UTLr4-SVgK0zoQ__original/img/ZPdxDPt1jSRQMNnVgn-qIPhNv0E=/0x0/filters:format(jpeg)/pic5899025.jpg
Happy City,https://cf.geekdo-images.com/LKCjDd_tqDPpUdCOM6i9Qg__original/img/ndgLsawgZd-9Y8933oU268V8y4Y=/0x0/filters:format(jpeg)/pic6256486.jpg
Canvas,https://cf.geekdo-images.com/wdcT3oy7VPlo9xmiY7HgDw__original/img/svMgpnpbACC3PBza3rxO3fs6aAI=/0x0/filters:format(jpeg)/pic798994.jpg
Roll to the Top : Voyages,
Yokai,https://cf.geekdo-images.com/ge3NYx9l8bgZjcqKiLGNsA__original/img/QVR_zTExk25LeMoYS-C3hZa-_eQ=/0x0/filters:format(png)/pic2633198.png
Régicide,https://cf.geekdo-images.com/7x6lWF_A85P3NUrLAf5PMg__original/img/xkNNKg1UBHUNcfUQ01lz66JL1JY=/0x0/filters:format(jpeg)/pic8953990.jpg
Hidden Leaders,https://cf.geekdo-images.com/vDu0Zb4ooGEOF29ZaRQ3EQ__original/img/SP1CFuPlOKKOVtz66o1nKQwBS3o=/0x0/filters:format(jpeg)/pic5845169.jpg
Mega Jackpot,https://cf.geekdo-images.com/uB8T_3sfZJbPBiH00ipbSA__original/img/OefG99heJFXpsRsmNkuOMXj7eyg=/0x0/filters:format(png)/pic8688836.png
Heat,https://cf.geekdo-images.com/CpnZlx8K7GG_vltc9TaG6A__original/img/PdudkuUMSWK5btNGSvPFyikYXLc=/0x0/filters:format(png)/pic2027808.png
Survive The Island,https://cf.geekdo-images.com/MG8gloAo6F2cD4C6gz12Lg__original/img/WjpJXy7nyPCwIebnS53Vldachlk=/0x0/filters:format(png)/pic8337555.png
Gamme Logic,
The Crew : Mission Sous-Marine,https://cf.geekdo-images.com/VuBqZ1sMaDAVVHF_OEJP4g__original/img/jGWxczXC_VWZofeAmlO_DkB0hCI=/0x0/filters:format(jpeg)/pic5988903.jpg
Potion Explosion,https://cf.geekdo-images.com/vwjYMFporFhvAU48k73MIw__original/img/6sAfG89R42SJRv2wjiItRTMmcoQ=/0x0/filters:format(jpeg)/pic7298696.jpg
Flaming Pyramids,https://cf.geekdo-images.com/Jmuh3Tlp5r4Kr7l8-ZKkmg__original/img/QA2V6BchrZxU_zp9gyJT86E5NT4=/0x0/filters:format(png)/pic7066993.png
Papayoo,https://cf.geekdo-images.com/hZiP8Opgl82VKH01wMILpQ__original/img/yQpALp_RMCD-iYVFQPykPQek1_k=/0x0/filters:format(jpeg)/pic8308540.jpg
Un Mouton à la mer,https://cf.geekdo-images.com/lg2cZmqHCdBWuYMFqnYHoA__original/img/7GqhodEFevjpNdLxkS6PrAqvmYE=/0x0/filters:format(jpeg)/pic725351.jpg
P.I.,https://cf.geekdo-images.com/n_jjFJfl5HFmxVKrKeZHcA__original/img/9x6sjNCit6bxKKM9ZVGeJwNKJF0=/0x0/filters:format(jpeg)/pic1388461.jpg
Mr. Jack,https://cf.geekdo-images.com/CDdF4xOQJsNK0gX8-tBdCQ__original/img/d18QDvd0PyfMsipVpHPajZCFPsE=/0x0/filters:format(jpeg)/pic3066125.jpg
Alhambra,https://cf.geekdo-images.com/OiqKsYDh7pqeRYKG__kMSw__original/img/Oe2ZTGE2hUnyZQIEoIjM_zwYfcY=/0x0/filters:format(jpeg)/pic4893652.jpg
Jeu du moulin,https://cf.geekdo-images.com/_42qt4-sUNP6niR_H3l5iA__original/img/RvZnNGpEfluy1go0Spu8l2iDAMQ=/0x0/filters:format(png)/pic2204355.png
Bataille Navale,https://cf.geekdo-images.com/oWcB33sfig9QF_KBEv7iLQ__original/img/retN48ZHxCC5YaECdlWjRdWHPGs=/0x0/filters:format(png)/pic2439783.png
Noé,https://cf.geekdo-images.com/2DSqrbuYmf83Jwt5vSLrVQ__original/img/38waEka6pvh1fVk9g2K13ym2wRg=/0x0/filters:format(png)/pic2821914.png
Welcome,https://cf.geekdo-images.com/56DkJdpHDiAiGH3ZGlH3UA__original/img/5KjTfyY2G652Xh0_8Y2D8KwvIk8=/0x0/filters:format(jpeg)/pic7449943.jpg
Wazabi,https://cf.geekdo-images.com/8_j1EvYRoq6C0DxFzKeNBA__original/img/7k1J2PqY2DeOswqovd_HjtapJ0Y=/0x0/filters:format(jpeg)/pic3484942.jpg
Equinox,https://cf.geekdo-images.com/aHk3lSPyJFkY6kCmnIQ6oA__original/img/bVlG1B1sEQPQh22u4hMbBh7NEgo=/0x0/filters:format(jpeg)/pic920124.jpg
Belote,https://cf.geekdo-images.com/vStahKV9HwLyVcdXCm6NrQ__original/img/Ho3qh5Jj-q2wGpXVoUZYKNKqH7g=/0x0/filters:format(jpeg)/pic4624605.jpg
MOW,https://cf.geekdo-images.com/O2SuILovfm8pbrMzYD-YQQ__original/img/wRjHjhHt54Bv_MwI57YgaF6K-dU=/0x0/filters:format(png)/pic6884031.png
Dice Forge,https://cf.geekdo-images.com/4BTVGQWO0M9ayxyku3FW6Q__original/img/8G3m0Cc_y3Qa0jcFn4ynWTwOV3A=/0x0/filters:format(jpeg)/pic3477004.jpg
Mind Up!,https://cf.geekdo-images.com/xOMxRrAtu_7WR2FRu1oDSw__original/img/vi1psBxEIE72ipIv5Ol4mrT3lOs=/0x0/filters:format(png)/pic7333215.png
Ghost At Home,https://cf.geekdo-images.com/WiGvTFp0EOmVpoMZ1ffVuQ__original/img/0H75BU4t7OhUem0vQ1lakjpffbs=/0x0/filters:format(jpeg)/pic5676869.jpg
Concombre,
bohnanza,https://cf.geekdo-images.com/8SADtu_4zBH_UJrCo935Iw__original/img/RNuAr2CDbxE3XzeJVkxj4Df3eVM=/0x0/filters:format(jpeg)/pic6348964.jpg
The Number,https://cf.geekdo-images.com/OOM4GLndc3Z7pJZXxtc9Ug__original/img/CrO6YY1rcXPfY9Jb8oiFeh7EcUU=/0x0/filters:format(png)/pic7456524.png
Sky Team,https://cf.geekdo-images.com/uXMeQzNenHb3zK7Hoa6b2w__original/img/mWOQnkpyYBorh_Y1-0Y2o-ew17k=/0x0/filters:format(jpeg)/pic7398904.jpg
Super Mega Lucky Box,https://cf.geekdo-images.com/grnvMmEKa_jRg4ZBX5Fadw__original/img/2jFwR_GdPUCUv6QjDxsgw3DQCkQ=/0x0/filters:format(png)/pic6254861.png
Dominos,https://cf.geekdo-images.com/cXMIrjv5T7cTE4mCkVTlNg__original/img/LUFQGI8-J1Sm9NMflnjNIyj_Yfg=/0x0/filters:format(jpeg)/pic1784252.jpg
TRIO,https://cf.geekdo-images.com/dd2XS_mQk6T9Tis8LteiyQ__original/img/8iKF1b5p7hHxNHCLu3TpNh4ajlc=/0x0/filters:format(jpeg)/pic33770.jpg
Bacon,https://cf.geekdo-images.com/2jMdQx2CEjTk2fIF3vSZRg__original/img/OBXzrON9gm3IF1xKsio1ojr2O5w=/0x0/filters:format(jpeg)/pic7441367.jpg
Akropolis,https://cf.geekdo-images.com/OTb0hIJHE-U3eD0FmpBrzA__original/img/GpSyHl2wwgLJ6JHJAjPbEQk4MNU=/0x0/filters:format(jpeg)/pic6705097.jpg
Dékal,https://cf.geekdo-images.com/EmV_En4YbBfHUFV3gPSV4w__original/img/X9rigrVNEeCO67v_9ibtMtmGStg=/0x0/filters:format(jpeg)/pic8061461.jpg
Azul : Pavillon d'été,https://cf.geekdo-images.com/7mqndDu6640rrGt7zLM_Qg__original/img/OeyMDFwEzN5JWlm5g6317aoZd5I=/0x0/filters:format(png)/pic6113541.png
Sherlock 13,https://cf.geekdo-images.com/qUqySSzXr8QXZbfg8k_M1Q__original/img/Y3OJmx5Ly7z708aYDV_VrzLfd2o=/0x0/filters:format(jpeg)/pic5857846.jpg
Cartographers,https://cf.geekdo-images.com/GifbnAmsA4lfEcDkeaC9VA__original/img/YzJORdIDNza8kmrY6KEU_h2p2Wo=/0x0/filters:format(png)/pic4397932.png
Odin,https://cf.geekdo-images.com/hh5YOk9OQ3e0uJbMOfvT2g__original/img/pq_dOY_tC4Owv3RnTIlYEcsDHrs=/0x0/filters:format(jpeg)/pic7921978.jpg
LUZ,https://cf.geekdo-images.com/vmn177SdIiMQ0AVDgrYgBA__original/img/TnhVb3lBYOW2XM9KOeUxvD45BGQ=/0x0/filters:format(jpeg)/pic6429083.jpg
Flip 7,https://cf.geekdo-images.com/YrQxEB9Ef0kQorRApzG5vQ__original/img/hK6k-x_GYfooemrkkRuF0bTvKxE=/0x0/filters:format(jpeg)/pic8780246.jpg
sevenwondersexpansion,
Perfect Words,https://cf.geekdo-images.com/MjnWmm4eLcLGKXujuDafGw__original/img/5gunPRcRGJ7PZ3VeAoom3opNj2U=/0x0/filters:format(jpeg)/pic7602328.jpg
Sea Salt & Paper,https://cf.geekdo-images.com/CIh_rXKoRw9z8K0PJxT8nQ__original/img/AX2wyHhWFgVh5OArXAjVHY-nFZg=/0x0/filters:format(jpeg)/pic6973911.jpg
Les Petites Bourgades,https://cf.geekdo-images.com/aE1EoOzr530gQin8bj8QDA__original/img/-GDAsvmQ3wkuHaZ8h9G5Gk_nvVA=/0x0/filters:format(jpeg)/pic4460401.jpg
Panic Lab,https://cf.geekdo-images.com/DMXjlPfV1ALF3JxEpA8OPw__original/img/WVI7qiN1WObuWBrpSxZfsKOaQ8Y=/0x0/filters:format(jpeg)/pic8279299.jpg
Tower up,https://cf.geekdo-images.com/3GBPmFILs8upxBhdQIvwTA__original/img/Htgk-wtMFcr6_8n2DAvur_y1TdA=/0x0/filters:format(jpeg)/pic8143457.jpg
Pixies,https://cf.geekdo-images.com/HzOXZ-dmxkD0ZJoHF49_vA__original/img/kGlcHoV6DViw14Nxo8_QydXl1RU=/0x0/filters:format(jpeg)/pic7975645.jpg
Piña Coladice,https://cf.geekdo-images.com/QzRniP5vC4BD1b4Y5aswqQ__original/img/fA4CBG-GF1LLT1qlZTl-wVlIS1Y=/0x0/filters:format(png)/pic8043570.png
Altay: Dawn of Civilization,https://cf.geekdo-images.com/VgM1wKNgkovhqRerJBhhrg__original/img/PH7iQwS6HlUvcEI4zhCZsUDU6NE=/0x0/filters:format(png)/pic8327124.png
